movieId,title,genres,overview
1,"Toy Story (1995)","Animation|Children|Comedy","A story of a boy and his toys that come to life."
2,"Jumanji (1995)","Adventure|Children|Fantasy","When two kids find a magical board game that launches them into a jungle adventure."
3,"Grumpier Old Men (1995)","Comedy|Romance","The rivalry between two old men heats up as a new neighbor arrives."
4,"Waiting to Exhale (1995)","Comedy|Drama","Four African-American women bond and find new directions for their lives."
5,"Father of the Bride Part II (1995)","Comedy","George Banks prepares for fatherhood again."
6,"Heat (1995)","Action|Crime|Thriller","A group of professional bank robbers start to feel the heat from police."

